NPI,TIN,TYPE,NEGOTIATION_ARRANGEMENT,BILLING_CODE_TYPE,BILLING_CODE,NEGOTIATED_TYPE,NEGOTIATED_RATE,BILLING_CLASS
1538161583,204620955,ein,ffs,CPT,99213,negotiated,68.59,professional
1699770446,050563039,ein,ffs,CPT,99213,negotiated,61.81,professional
1770696817,200123946,ein,ffs,CPT,99213,negotiated,227.09,professional
1861742124,222164755,ein,ffs,CPT,99213,negotiated,37.74,professional
1285715664,451298643,ein,ffs,CPT,99213,negotiated,75.52,professional
1215292628,621239776,ein,ffs,CPT,99213,negotiated,68.47,professional
1659513158,061745397,ein,ffs,CPT,99213,negotiated,466.8,professional
1629398169,061745397,ein,ffs,CPT,99213,negotiated,466.8,professional
1366481897,061745397,ein,ffs,CPT,99213,negotiated,466.8,professional
1225085582,061745397,ein,ffs,CPT,99213,negotiated,466.8,professional
1336597335,061745397,ein,ffs,CPT,99213,negotiated,466.8,professional
1508074063,461814274,ein,ffs,CPT,99213,negotiated,76.06,professional
1033345921,362167060,ein,ffs,CPT,99213,negotiated,137.67,professional
1831298439,113080269,ein,ffs,CPT,99213,negotiated,52.83,professional
1154439586,272268928,ein,ffs,CPT,99213,negotiated,257.48,professional
1770541211,272268928,ein,ffs,CPT,99213,negotiated,257.48,professional
1003086166,272268928,ein,ffs,CPT,99213,negotiated,257.48,professional
1154365278,272268928,ein,ffs,CPT,99213,negotiated,257.48,professional
1124050141,272268928,ein,ffs,CPT,99213,negotiated,257.48,professional
1679757561,272268928,ein,ffs,CPT,99213,negotiated,257.48,professional
1629394952,272268928,ein,ffs,CPT,99213,negotiated,257.48,professional
1649227828,272268928,ein,ffs,CPT,99213,negotiated,257.48,professional
1528032208,272268928,ein,ffs,CPT,99213,negotiated,257.48,professional
1205297942,272268928,ein,ffs,CPT,99213,negotiated,257.48,professional
1518055672,272268928,ein,ffs,CPT,99213,negotiated,257.48,professional
1841248721,272268928,ein,ffs,CPT,99213,negotiated,257.48,professional
1851501183,272268928,ein,ffs,CPT,99213,negotiated,257.48,professional
1912995085,272268928,ein,ffs,CPT,99213,negotiated,257.48,professional
1972779262,272268928,ein,ffs,CPT,99213,negotiated,257.48,professional
1285622381,272268928,ein,ffs,CPT,99213,negotiated,257.48,professional
1548358591,272268928,ein,ffs,CPT,99213,negotiated,257.48,professional
1952516007,272268928,ein,ffs,CPT,99213,negotiated,257.48,professional
1770552648,061744704,ein,ffs,CPT,99213,negotiated,144.96,professional
1366502601,911925983,ein,ffs,CPT,99213,negotiated,75.03,professional
1093717381,461940724,ein,ffs,CPT,99213,negotiated,57.05,professional
1093811002,202972550,ein,ffs,CPT,99213,negotiated,204.2,professional
1457390080,710415642,ein,ffs,CPT,99213,negotiated,88.29,professional
1760614655,203261266,ein,ffs,CPT,99213,negotiated,227.09,professional
1255389847,270970402,ein,ffs,CPT,99213,negotiated,53.76,professional
1205868205,824221439,ein,ffs,CPT,99213,negotiated,234.57,professional
1740711308,824221439,ein,ffs,CPT,99213,negotiated,234.57,professional
1649247149,720970581,ein,ffs,CPT,99213,negotiated,100.66,professional
1508810771,201425195,ein,ffs,CPT,99213,negotiated,75.52,professional
1720080369,815371566,ein,ffs,CPT,99213,negotiated,100.11,professional
1043248701,410745522,ein,ffs,CPT,99213,negotiated,73.19,professional
1326220559,870663587,ein,ffs,CPT,99213,negotiated,100.11,professional
1255311825,261358524,ein,ffs,CPT,99213,negotiated,289.73,professional
1023002565,364143823,ein,ffs,CPT,99213,negotiated,94.2,professional
1073574232,412101361,ein,ffs,CPT,99213,negotiated,73.64,professional
1285674531,204473802,ein,ffs,CPT,99213,negotiated,53.76,professional
1386690592,204473802,ein,ffs,CPT,99213,negotiated,53.76,professional
1457647893,582234927,ein,ffs,CPT,99213,negotiated,122.39,professional
1841251766,751558325,ein,ffs,CPT,99213,negotiated,50,professional
1144458670,486030115,ein,ffs,CPT,99213,negotiated,144.51,professional
1104349950,030417452,ein,ffs,CPT,99213,negotiated,87.53,professional
1346792660,030417452,ein,ffs,CPT,99213,negotiated,87.53,professional
1528409612,030417452,ein,ffs,CPT,99213,negotiated,87.53,professional
1114316635,030417452,ein,ffs,CPT,99213,negotiated,87.53,professional
1730178880,581661116,ein,ffs,CPT,99213,negotiated,66.27,professional
1205050655,860444866,ein,ffs,CPT,99213,negotiated,80.48,professional
1285176636,473219674,ein,ffs,CPT,99213,negotiated,42.7,professional
1316550932,473219674,ein,ffs,CPT,99213,negotiated,42.7,professional
1831595362,273037441,ein,ffs,CPT,99213,negotiated,44.33,professional
1184068181,391139101,ein,ffs,CPT,99213,negotiated,108.08,professional
1750603130,390816845,ein,ffs,CPT,99213,negotiated,74.03,professional
1730332073,390816845,ein,ffs,CPT,99213,negotiated,74.03,professional
1609167584,351693695,ein,ffs,CPT,99213,negotiated,40.34,professional
1356797948,351693695,ein,ffs,CPT,99213,negotiated,40.34,professional
1982267183,351693695,ein,ffs,CPT,99213,negotiated,40.34,professional
1124563556,351693695,ein,ffs,CPT,99213,negotiated,40.34,professional
1447747662,351693695,ein,ffs,CPT,99213,negotiated,40.34,professional
1447450200,351693695,ein,ffs,CPT,99213,negotiated,40.34,professional
1962668525,351693695,ein,ffs,CPT,99213,negotiated,40.34,professional
1932554938,351693695,ein,ffs,CPT,99213,negotiated,40.34,professional
1649443722,351693695,ein,ffs,CPT,99213,negotiated,40.34,professional
1285741942,351693695,ein,ffs,CPT,99213,negotiated,40.34,professional
1851566715,351693695,ein,ffs,CPT,99213,negotiated,40.34,professional
1780180398,351693695,ein,ffs,CPT,99213,negotiated,40.34,professional
1891011771,351693695,ein,ffs,CPT,99213,negotiated,40.34,professional
1184075756,351693695,ein,ffs,CPT,99213,negotiated,40.34,professional
1447519848,351693695,ein,ffs,CPT,99213,negotiated,40.34,professional
1639127988,351693695,ein,ffs,CPT,99213,negotiated,40.34,professional
1669853073,351693695,ein,ffs,CPT,99213,negotiated,40.34,professional
1013398353,351693695,ein,ffs,CPT,99213,negotiated,40.34,professional
1013487347,351693695,ein,ffs,CPT,99213,negotiated,40.34,professional
1528436177,351693695,ein,ffs,CPT,99213,negotiated,40.34,professional
1760508998,351693695,ein,ffs,CPT,99213,negotiated,40.34,professional
1518083393,351693695,ein,ffs,CPT,99213,negotiated,40.34,professional
1124339262,351693695,ein,ffs,CPT,99213,negotiated,40.34,professional
1659338275,351693695,ein,ffs,CPT,99213,negotiated,40.34,professional
1285692301,351693695,ein,ffs,CPT,99213,negotiated,40.34,professional
1902148489,351693695,ein,ffs,CPT,99213,negotiated,40.34,professional
1477977387,351693695,ein,ffs,CPT,99213,negotiated,40.34,professional
1699166264,351693695,ein,ffs,CPT,99213,negotiated,40.34,professional
1386089597,351693695,ein,ffs,CPT,99213,negotiated,40.34,professional
1750782017,351693695,ein,ffs,CPT,99213,negotiated,40.34,professional
1215132865,351693695,ein,ffs,CPT,99213,negotiated,40.34,professional
1467613463,351693695,ein,ffs,CPT,99213,negotiated,40.34,professional
1457677403,351693695,ein,ffs,CPT,99213,negotiated,40.34,professional
1336445527,351693695,ein,ffs,CPT,99213,negotiated,40.34,professional
1881852028,351693695,ein,ffs,CPT,99213,negotiated,40.34,professional
1346583424,351693695,ein,ffs,CPT,99213,negotiated,40.34,professional
1447418926,351693695,ein,ffs,CPT,99213,negotiated,40.34,professional
1588676191,351693695,ein,ffs,CPT,99213,negotiated,40.34,professional
1144493370,351693695,ein,ffs,CPT,99213,negotiated,40.34,professional
1336433432,351693695,ein,ffs,CPT,99213,negotiated,40.34,professional
1154822161,351693695,ein,ffs,CPT,99213,negotiated,40.34,professional
1992097505,351693695,ein,ffs,CPT,99213,negotiated,40.34,professional
1679130975,351693695,ein,ffs,CPT,99213,negotiated,40.34,professional
1407983950,351693695,ein,ffs,CPT,99213,negotiated,40.34,professional
1992756035,351693695,ein,ffs,CPT,99213,negotiated,40.34,professional
1922367309,351693695,ein,ffs,CPT,99213,negotiated,40.34,professional
1063611317,351693695,ein,ffs,CPT,99213,negotiated,40.34,professional
1104028141,351693695,ein,ffs,CPT,99213,negotiated,40.34,professional
1457383408,351693695,ein,ffs,CPT,99213,negotiated,40.34,professional
1427211820,351693695,ein,ffs,CPT,99213,negotiated,40.34,professional
1982041018,351693695,ein,ffs,CPT,99213,negotiated,40.34,professional
1932428836,351693695,ein,ffs,CPT,99213,negotiated,40.34,professional
1649599093,351693695,ein,ffs,CPT,99213,negotiated,40.34,professional
1073570495,351693695,ein,ffs,CPT,99213,negotiated,40.34,professional
1295793107,351693695,ein,ffs,CPT,99213,negotiated,40.34,professional
1801245857,351693695,ein,ffs,CPT,99213,negotiated,40.34,professional
1316161284,351693695,ein,ffs,CPT,99213,negotiated,40.34,professional
1215353131,351693695,ein,ffs,CPT,99213,negotiated,40.34,professional
1962818286,351693695,ein,ffs,CPT,99213,negotiated,40.34,professional
1366482879,351693695,ein,ffs,CPT,99213,negotiated,40.34,professional
1528384914,351693695,ein,ffs,CPT,99213,negotiated,40.34,professional
1942253208,351693695,ein,ffs,CPT,99213,negotiated,40.34,professional
1265729297,351693695,ein,ffs,CPT,99213,negotiated,40.34,professional
1801011069,351693695,ein,ffs,CPT,99213,negotiated,40.34,professional
1649238544,351693695,ein,ffs,CPT,99213,negotiated,40.34,professional
1790958130,351693695,ein,ffs,CPT,99213,negotiated,40.34,professional
1558681429,351693695,ein,ffs,CPT,99213,negotiated,40.34,professional
1497919989,351693695,ein,ffs,CPT,99213,negotiated,40.34,professional
1285685107,351693695,ein,ffs,CPT,99213,negotiated,40.34,professional
1720439516,351693695,ein,ffs,CPT,99213,negotiated,40.34,professional
1215023932,351693695,ein,ffs,CPT,99213,negotiated,40.34,professional
1205964293,351693695,ein,ffs,CPT,99213,negotiated,40.34,professional
1134626906,351693695,ein,ffs,CPT,99213,negotiated,40.34,professional
1376006312,351693695,ein,ffs,CPT,99213,negotiated,40.34,professional
1215161187,351693695,ein,ffs,CPT,99213,negotiated,40.34,professional
1376888495,351693695,ein,ffs,CPT,99213,negotiated,40.34,professional
1215133186,351693695,ein,ffs,CPT,99213,negotiated,40.34,professional
1437392362,351693695,ein,ffs,CPT,99213,negotiated,40.34,professional
1255563821,351693695,ein,ffs,CPT,99213,negotiated,40.34,professional
1114961182,351693695,ein,ffs,CPT,99213,negotiated,40.34,professional
1972949378,351693695,ein,ffs,CPT,99213,negotiated,40.34,professional
1659692465,351693695,ein,ffs,CPT,99213,negotiated,40.34,professional
1720037906,351693695,ein,ffs,CPT,99213,negotiated,40.34,professional
1336272426,351693695,ein,ffs,CPT,99213,negotiated,40.34,professional
1427496827,351693695,ein,ffs,CPT,99213,negotiated,40.34,professional
1710325402,351693695,ein,ffs,CPT,99213,negotiated,40.34,professional
1639299258,351693695,ein,ffs,CPT,99213,negotiated,40.34,professional
1740798354,351693695,ein,ffs,CPT,99213,negotiated,40.34,professional
1962571794,351693695,ein,ffs,CPT,99213,negotiated,40.34,professional
1508852294,351693695,ein,ffs,CPT,99213,negotiated,40.34,professional
1669430658,351693695,ein,ffs,CPT,99213,negotiated,40.34,professional
1205894011,351693695,ein,ffs,CPT,99213,negotiated,40.34,professional
1902126279,351693695,ein,ffs,CPT,99213,negotiated,40.34,professional
1174940340,351693695,ein,ffs,CPT,99213,negotiated,40.34,professional
1821564774,351693695,ein,ffs,CPT,99213,negotiated,40.34,professional
1245437607,351693695,ein,ffs,CPT,99213,negotiated,40.34,professional
1568782795,351693695,ein,ffs,CPT,99213,negotiated,40.34,professional
1457510695,351693695,ein,ffs,CPT,99213,negotiated,40.34,professional
1538562376,351693695,ein,ffs,CPT,99213,negotiated,40.34,professional
1437171600,351693695,ein,ffs,CPT,99213,negotiated,40.34,professional
1518529593,351693695,ein,ffs,CPT,99213,negotiated,40.34,professional
1144288051,351693695,ein,ffs,CPT,99213,negotiated,40.34,professional
1740520048,351693695,ein,ffs,CPT,99213,negotiated,40.34,professional
1295143188,351693695,ein,ffs,CPT,99213,negotiated,40.34,professional
1245295070,351693695,ein,ffs,CPT,99213,negotiated,40.34,professional
1457477960,351693695,ein,ffs,CPT,99213,negotiated,40.34,professional
1487101390,351693695,ein,ffs,CPT,99213,negotiated,40.34,professional
1043659436,351693695,ein,ffs,CPT,99213,negotiated,40.34,professional
1871683078,351693695,ein,ffs,CPT,99213,negotiated,40.34,professional
1457700510,351693695,ein,ffs,CPT,99213,negotiated,40.34,professional
1912261314,351693695,ein,ffs,CPT,99213,negotiated,40.34,professional
1811029358,351693695,ein,ffs,CPT,99213,negotiated,40.34,professional
1215995188,351693695,ein,ffs,CPT,99213,negotiated,40.34,professional
1134172414,351693695,ein,ffs,CPT,99213,negotiated,40.34,professional
1528138625,351693695,ein,ffs,CPT,99213,negotiated,40.34,professional
1730103375,351693695,ein,ffs,CPT,99213,negotiated,40.34,professional
1356537351,351693695,ein,ffs,CPT,99213,negotiated,40.34,professional
1104867043,351693695,ein,ffs,CPT,99213,negotiated,40.34,professional
1912922030,351693695,ein,ffs,CPT,99213,negotiated,40.34,professional
1649250457,351693695,ein,ffs,CPT,99213,negotiated,40.34,professional
1417092107,351693695,ein,ffs,CPT,99213,negotiated,40.34,professional
1275199283,351693695,ein,ffs,CPT,99213,negotiated,40.34,professional
1003864950,351693695,ein,ffs,CPT,99213,negotiated,40.34,professional
1508099086,351693695,ein,ffs,CPT,99213,negotiated,40.34,professional
1780021386,351693695,ein,ffs,CPT,99213,negotiated,40.34,professional
1861980781,351693695,ein,ffs,CPT,99213,negotiated,40.34,professional
1972533511,351693695,ein,ffs,CPT,99213,negotiated,40.34,professional
1225491327,351693695,ein,ffs,CPT,99213,negotiated,40.34,professional
1003471525,351693695,ein,ffs,CPT,99213,negotiated,40.34,professional
1346703840,351693695,ein,ffs,CPT,99213,negotiated,40.34,professional
1659659597,351693695,ein,ffs,CPT,99213,negotiated,40.34,professional
1952453409,351693695,ein,ffs,CPT,99213,negotiated,40.34,professional
1639116874,351693695,ein,ffs,CPT,99213,negotiated,40.34,professional
1467747857,351693695,ein,ffs,CPT,99213,negotiated,40.34,professional
1689790966,351693695,ein,ffs,CPT,99213,negotiated,40.34,professional
1043669633,351693695,ein,ffs,CPT,99213,negotiated,40.34,professional
1538384920,351693695,ein,ffs,CPT,99213,negotiated,40.34,professional
1689658650,351693695,ein,ffs,CPT,99213,negotiated,40.34,professional
1942375183,351693695,ein,ffs,CPT,99213,negotiated,40.34,professional
1205924305,351693695,ein,ffs,CPT,99213,negotiated,40.34,professional
1275826794,351693695,ein,ffs,CPT,99213,negotiated,40.34,professional
1326401738,351693695,ein,ffs,CPT,99213,negotiated,40.34,professional
1326052200,351693695,ein,ffs,CPT,99213,negotiated,40.34,professional
1447534342,351693695,ein,ffs,CPT,99213,negotiated,40.34,professional
1861606410,351693695,ein,ffs,CPT,99213,negotiated,40.34,professional
1508892613,351693695,ein,ffs,CPT,99213,negotiated,40.34,professional
1609383314,351693695,ein,ffs,CPT,99213,negotiated,40.34,professional
1083662134,351693695,ein,ffs,CPT,99213,negotiated,40.34,professional
1699119735,351693695,ein,ffs,CPT,99213,negotiated,40.34,professional
1164793485,351693695,ein,ffs,CPT,99213,negotiated,40.34,professional
1831156678,351693695,ein,ffs,CPT,99213,negotiated,40.34,professional
1487145355,351693695,ein,ffs,CPT,99213,negotiated,40.34,professional
1861472201,351693695,ein,ffs,CPT,99213,negotiated,40.34,professional
1649546656,351693695,ein,ffs,CPT,99213,negotiated,40.34,professional
1689102543,351693695,ein,ffs,CPT,99213,negotiated,40.34,professional
1255651261,351693695,ein,ffs,CPT,99213,negotiated,40.34,professional
1386965192,351693695,ein,ffs,CPT,99213,negotiated,40.34,professional
1265411060,351693695,ein,ffs,CPT,99213,negotiated,40.34,professional
1538411335,351693695,ein,ffs,CPT,99213,negotiated,40.34,professional
1013966365,351693695,ein,ffs,CPT,99213,negotiated,40.34,professional
1932472149,351693695,ein,ffs,CPT,99213,negotiated,40.34,professional
1477956613,351693695,ein,ffs,CPT,99213,negotiated,40.34,professional
1114240678,351693695,ein,ffs,CPT,99213,negotiated,40.34,professional
1194798272,351693695,ein,ffs,CPT,99213,negotiated,40.34,professional
1700240983,351693695,ein,ffs,CPT,99213,negotiated,40.34,professional
1477973311,351693695,ein,ffs,CPT,99213,negotiated,40.34,professional
1174188791,351693695,ein,ffs,CPT,99213,negotiated,40.34,professional
1912026113,351693695,ein,ffs,CPT,99213,negotiated,40.34,professional
1225440704,351693695,ein,ffs,CPT,99213,negotiated,40.34,professional
1972635704,351693695,ein,ffs,CPT,99213,negotiated,40.34,professional
1770959363,351693695,ein,ffs,CPT,99213,negotiated,40.34,professional
1871573550,351693695,ein,ffs,CPT,99213,negotiated,40.34,professional
1336306950,351693695,ein,ffs,CPT,99213,negotiated,40.34,professional
1790163475,351693695,ein,ffs,CPT,99213,negotiated,40.34,professional
1508184201,351693695,ein,ffs,CPT,99213,negotiated,40.34,professional
1477979045,351693695,ein,ffs,CPT,99213,negotiated,40.34,professional
1568690055,351693695,ein,ffs,CPT,99213,negotiated,40.34,professional
1871722165,351693695,ein,ffs,CPT,99213,negotiated,40.34,professional
1417451279,351693695,ein,ffs,CPT,99213,negotiated,40.34,professional
1619250750,351693695,ein,ffs,CPT,99213,negotiated,40.34,professional
1760462089,351693695,ein,ffs,CPT,99213,negotiated,40.34,professional
1528180494,351693695,ein,ffs,CPT,99213,negotiated,40.34,professional
1578706099,351693695,ein,ffs,CPT,99213,negotiated,40.34,professional
1538468004,351693695,ein,ffs,CPT,99213,negotiated,40.34,professional
1063460319,351693695,ein,ffs,CPT,99213,negotiated,40.34,professional
1215993688,351693695,ein,ffs,CPT,99213,negotiated,40.34,professional
1013279835,351693695,ein,ffs,CPT,99213,negotiated,40.34,professional
1245357102,351693695,ein,ffs,CPT,99213,negotiated,40.34,professional
1821470691,351693695,ein,ffs,CPT,99213,negotiated,40.34,professional
1932166832,351693695,ein,ffs,CPT,99213,negotiated,40.34,professional
1568872612,351693695,ein,ffs,CPT,99213,negotiated,40.34,professional
1689799033,351693695,ein,ffs,CPT,99213,negotiated,40.34,professional
1639242571,351693695,ein,ffs,CPT,99213,negotiated,40.34,professional
1598721953,351693695,ein,ffs,CPT,99213,negotiated,40.34,professional
1417115080,351693695,ein,ffs,CPT,99213,negotiated,40.34,professional
1083911747,351693695,ein,ffs,CPT,99213,negotiated,40.34,professional
1558582890,351693695,ein,ffs,CPT,99213,negotiated,40.34,professional
1497712897,351693695,ein,ffs,CPT,99213,negotiated,40.34,professional
1891751079,351693695,ein,ffs,CPT,99213,negotiated,40.34,professional
1346275203,351693695,ein,ffs,CPT,99213,negotiated,40.34,professional
1205276144,351693695,ein,ffs,CPT,99213,negotiated,40.34,professional
1114985462,351693695,ein,ffs,CPT,99213,negotiated,40.34,professional
1902210263,351693695,ein,ffs,CPT,99213,negotiated,40.34,professional
1619913001,351693695,ein,ffs,CPT,99213,negotiated,40.34,professional
1508981093,351693695,ein,ffs,CPT,99213,negotiated,40.34,professional
1811945678,351693695,ein,ffs,CPT,99213,negotiated,40.34,professional
1174988596,351693695,ein,ffs,CPT,99213,negotiated,40.34,professional
1578805032,351693695,ein,ffs,CPT,99213,negotiated,40.34,professional
1083050793,351693695,ein,ffs,CPT,99213,negotiated,40.34,professional
1730331919,351693695,ein,ffs,CPT,99213,negotiated,40.34,professional
1992754352,351693695,ein,ffs,CPT,99213,negotiated,40.34,professional
1497798987,351693695,ein,ffs,CPT,99213,negotiated,40.34,professional
1033516364,351693695,ein,ffs,CPT,99213,negotiated,40.34,professional
1871082941,351693695,ein,ffs,CPT,99213,negotiated,40.34,professional
1316201833,351693695,ein,ffs,CPT,99213,negotiated,40.34,professional
1073924494,351693695,ein,ffs,CPT,99213,negotiated,40.34,professional
1497914071,351693695,ein,ffs,CPT,99213,negotiated,40.34,professional
1962769760,060646973,ein,ffs,CPT,99213,negotiated,75.03,professional
1285791467,310988967,ein,ffs,CPT,99213,negotiated,75.29,professional
1275782369,310988967,ein,ffs,CPT,99213,negotiated,75.29,professional
1760533517,540880950,ein,ffs,CPT,99213,negotiated,22.03,professional
1346359197,200383587,ein,ffs,CPT,99213,negotiated,63.02,professional
1467570259,263301489,ein,ffs,CPT,99213,negotiated,68.92,professional
1689895211,263301489,ein,ffs,CPT,99213,negotiated,68.92,professional
1164781381,752743883,ein,ffs,CPT,99213,negotiated,45.08,professional
1720083124,222945680,ein,ffs,CPT,99213,negotiated,59.8,professional
1174956478,462044968,ein,ffs,CPT,99213,negotiated,116.72,professional
1497710750,462044968,ein,ffs,CPT,99213,negotiated,116.72,professional
1568537132,113646584,ein,ffs,CPT,99213,negotiated,87.95,professional
1881081982,621777565,ein,ffs,CPT,99213,negotiated,118.01,professional
1710256912,010211501,ein,ffs,CPT,99213,negotiated,219,professional
1477587228,010211501,ein,ffs,CPT,99213,negotiated,219,professional
1164929022,260306930,ein,ffs,CPT,99213,negotiated,36.77,professional
1801156328,260306930,ein,ffs,CPT,99213,negotiated,36.77,professional
1366546764,260306930,ein,ffs,CPT,99213,negotiated,36.77,professional
1861843203,260306930,ein,ffs,CPT,99213,negotiated,36.77,professional
1033267364,205251542,ein,ffs,CPT,99213,negotiated,119.75,professional
1619067782,270089343,ein,ffs,CPT,99213,negotiated,90.06,professional
1255369815,472251929,ein,ffs,CPT,99213,negotiated,340.95,professional
1942285176,472251929,ein,ffs,CPT,99213,negotiated,340.95,professional
1831174069,472251929,ein,ffs,CPT,99213,negotiated,340.95,professional
1093787194,472251929,ein,ffs,CPT,99213,negotiated,340.95,professional
1972826618,270723388,ein,ffs,CPT,99213,negotiated,435.45,professional
1285829242,200066972,ein,ffs,CPT,99213,negotiated,69.08,professional
1942229307,341868451,ein,ffs,CPT,99213,negotiated,53.15,professional
1386663847,341868451,ein,ffs,CPT,99213,negotiated,53.15,professional
1508028275,341868451,ein,ffs,CPT,99213,negotiated,53.15,professional
1871657429,341868451,ein,ffs,CPT,99213,negotiated,53.15,professional
1861411241,341868451,ein,ffs,CPT,99213,negotiated,53.15,professional
1265454078,341868451,ein,ffs,CPT,99213,negotiated,53.15,professional
1295795912,056645933,ein,ffs,CPT,99213,negotiated,66.69,professional
1609136662,462387681,ein,ffs,CPT,99213,negotiated,172.68,professional
1144200056,264571485,ein,ffs,CPT,99213,negotiated,68.47,professional
1265892749,264571485,ein,ffs,CPT,99213,negotiated,68.47,professional
1821547720,264571485,ein,ffs,CPT,99213,negotiated,68.47,professional
1114452604,364489491,ein,ffs,CPT,99213,negotiated,90.55,professional
1679849780,364489491,ein,ffs,CPT,99213,negotiated,90.55,professional
1043716079,364489491,ein,ffs,CPT,99213,negotiated,90.55,professional
1053771535,364489491,ein,ffs,CPT,99213,negotiated,90.55,professional
1396748778,364489491,ein,ffs,CPT,99213,negotiated,90.55,professional
1215917950,364489491,ein,ffs,CPT,99213,negotiated,90.55,professional
1780896431,364489491,ein,ffs,CPT,99213,negotiated,90.55,professional
1649621780,364489491,ein,ffs,CPT,99213,negotiated,90.55,professional
1831432624,202259562,ein,ffs,CPT,99213,negotiated,131.51,professional
1376752147,202259562,ein,ffs,CPT,99213,negotiated,131.51,professional
1649229428,263988064,ein,ffs,CPT,99213,negotiated,116.82,professional
1770665580,030219309,ein,ffs,CPT,99213,negotiated,206.25,professional
1710918594,205575060,ein,ffs,CPT,99213,negotiated,66.22,professional
1407820822,200552368,ein,ffs,CPT,99213,negotiated,57.12,professional
1174639082,381459362,ein,ffs,CPT,99213,negotiated,365.55,professional
1063451763,911138675,ein,ffs,CPT,99213,negotiated,116.24,professional
1205832524,272822071,ein,ffs,CPT,99213,negotiated,115.25,professional
1619181369,272844632,ein,ffs,CPT,99213,negotiated,57.01,professional
1073572434,272844632,ein,ffs,CPT,99213,negotiated,57.01,professional
1871553826,272844632,ein,ffs,CPT,99213,negotiated,57.01,professional
1992812234,911832600,ein,ffs,CPT,99213,negotiated,37.98,professional
1770037913,223891132,ein,ffs,CPT,99213,negotiated,47.37,professional
1558847509,223891132,ein,ffs,CPT,99213,negotiated,47.37,professional
1417333550,223891132,ein,ffs,CPT,99213,negotiated,47.37,professional
1508142803,223891132,ein,ffs,CPT,99213,negotiated,47.37,professional
1134430119,223891132,ein,ffs,CPT,99213,negotiated,47.37,professional
1710442553,223891132,ein,ffs,CPT,99213,negotiated,47.37,professional
1013468362,223891132,ein,ffs,CPT,99213,negotiated,47.37,professional
1477018364,223891132,ein,ffs,CPT,99213,negotiated,47.37,professional
1073545471,223891132,ein,ffs,CPT,99213,negotiated,47.37,professional
1093916595,050540914,ein,ffs,CPT,99213,negotiated,108.86,professional
1528422631,050540914,ein,ffs,CPT,99213,negotiated,108.86,professional
1124181615,460938434,ein,ffs,CPT,99213,negotiated,54.23,professional
1922422120,460938434,ein,ffs,CPT,99213,negotiated,54.23,professional
1790834208,460938434,ein,ffs,CPT,99213,negotiated,54.23,professional
1326483215,460938434,ein,ffs,CPT,99213,negotiated,54.23,professional
1437311891,460938434,ein,ffs,CPT,99213,negotiated,54.23,professional
1891051512,742922251,ein,ffs,CPT,99213,negotiated,73.69,professional
1003034091,742922251,ein,ffs,CPT,99213,negotiated,73.69,professional
1518302991,742922251,ein,ffs,CPT,99213,negotiated,73.69,professional
1205809654,742922251,ein,ffs,CPT,99213,negotiated,73.69,professional
1194798124,742922251,ein,ffs,CPT,99213,negotiated,73.69,professional
1245525930,371270794,ein,ffs,CPT,99213,negotiated,52.36,professional
1902812100,010613882,ein,ffs,CPT,99213,negotiated,61.68,professional
1619963808,752593500,ein,ffs,CPT,99213,negotiated,62.85,professional
1710197413,752593500,ein,ffs,CPT,99213,negotiated,62.85,professional
1932101730,204392002,ein,ffs,CPT,99213,negotiated,41.89,professional
1851345433,204392002,ein,ffs,CPT,99213,negotiated,41.89,professional
1629384573,421060724,ein,ffs,CPT,99213,negotiated,79.97,professional
1154408110,861439975,ein,ffs,CPT,99213,negotiated,36.61,professional
1841394285,721272804,ein,ffs,CPT,99213,negotiated,72.53,professional
1649381617,721272804,ein,ffs,CPT,99213,negotiated,72.53,professional
1528179512,721272804,ein,ffs,CPT,99213,negotiated,72.53,professional
1396815940,330554313,ein,ffs,CPT,99213,negotiated,40,professional
1679570915,363707991,ein,ffs,CPT,99213,negotiated,157.92,professional
1144590878,472949758,ein,ffs,CPT,99213,negotiated,82.43,professional
1780878447,300329769,ein,ffs,CPT,99213,negotiated,66.65,professional
1447616438,300329769,ein,ffs,CPT,99213,negotiated,66.65,professional
1841213451,300329769,ein,ffs,CPT,99213,negotiated,66.65,professional
1164432217,300329769,ein,ffs,CPT,99213,negotiated,66.65,professional
1235171802,300329769,ein,ffs,CPT,99213,negotiated,66.65,professional
1851396840,300329769,ein,ffs,CPT,99213,negotiated,66.65,professional
1952392938,300329769,ein,ffs,CPT,99213,negotiated,66.65,professional
1316321854,300329769,ein,ffs,CPT,99213,negotiated,66.65,professional
1336158013,300329769,ein,ffs,CPT,99213,negotiated,66.65,professional
1326025339,300329769,ein,ffs,CPT,99213,negotiated,66.65,professional
1326452111,300329769,ein,ffs,CPT,99213,negotiated,66.65,professional
1821093071,300329769,ein,ffs,CPT,99213,negotiated,66.65,professional
1508290776,300329769,ein,ffs,CPT,99213,negotiated,66.65,professional
1023097003,300329769,ein,ffs,CPT,99213,negotiated,66.65,professional
1710966759,300329769,ein,ffs,CPT,99213,negotiated,66.65,professional
1346611316,300329769,ein,ffs,CPT,99213,negotiated,66.65,professional
1679875892,300329769,ein,ffs,CPT,99213,negotiated,66.65,professional
1003850710,300329769,ein,ffs,CPT,99213,negotiated,66.65,professional
1497736029,300329769,ein,ffs,CPT,99213,negotiated,66.65,professional
1306024500,300329769,ein,ffs,CPT,99213,negotiated,66.65,professional
1508064270,300329769,ein,ffs,CPT,99213,negotiated,66.65,professional
1568435451,300329769,ein,ffs,CPT,99213,negotiated,66.65,professional
1689974644,300329769,ein,ffs,CPT,99213,negotiated,66.65,professional
1508979840,300329769,ein,ffs,CPT,99213,negotiated,66.65,professional
1780013946,300329769,ein,ffs,CPT,99213,negotiated,66.65,professional
1326332891,300329769,ein,ffs,CPT,99213,negotiated,66.65,professional
1871501544,300329769,ein,ffs,CPT,99213,negotiated,66.65,professional
1366421109,300329769,ein,ffs,CPT,99213,negotiated,66.65,professional
1811633639,300329769,ein,ffs,CPT,99213,negotiated,66.65,professional
1174084453,300329769,ein,ffs,CPT,99213,negotiated,66.65,professional
1306304993,300329769,ein,ffs,CPT,99213,negotiated,66.65,professional
1326257692,300329769,ein,ffs,CPT,99213,negotiated,66.65,professional
1194727933,300329769,ein,ffs,CPT,99213,negotiated,66.65,professional
1356896526,300329769,ein,ffs,CPT,99213,negotiated,66.65,professional
1265466395,030394306,ein,ffs,CPT,99213,negotiated,75.03,professional
1295767424,331427958,npi,ffs,CPT,99213,negotiated,101.9,professional
